	original_id	counterfactual_id	negation_additions	negation_deletions	affect word_additions	affect word_deletions	gender word_additions	gender word_deletions	identity word_additions	identity word_deletions	hedges_additions	hedges_deletions	hate words_additions	hate words_deletions
0	9520.0	1981.0	False	True	True	True	False	True	False	False	False	False	False	False
1	5542.0	13519.0	False	False	False	False	False	True	False	False	False	False	False	False
2	1474.0	12619.0	False	False	False	False	False	False	False	False	False	False	False	False
3	10641.0	13521.0	False	False	False	False	False	True	False	False	False	False	False	False
4	3700.0	6317.0	False	False	True	False	False	True	False	False	False	False	False	False
5	4785.0	9062.0	False	True	False	False	False	False	False	False	False	False	False	False
6	6955.0	1263.0	False	False	False	False	False	True	False	False	False	False	False	False
7	13000.0	5527.0	False	False	False	False	False	True	False	False	False	False	False	False
8	9259.0	12177.0	False	False	False	False	False	True	False	False	False	False	False	False
9	11363.0	2174.0	False	False	False	False	False	True	False	False	False	False	False	False
10	8725.0	5521.0	False	False	False	False	False	True	False	False	False	False	False	False
11	3035.0	3453.0	False	False	False	False	False	True	False	False	False	False	False	False
12	2349.0	9841.0	False	False	False	False	False	True	False	False	False	False	False	False
13	6474.0	13371.0	False	False	False	False	False	True	False	False	False	False	False	False
14	8848.0	12663.0	False	False	True	False	False	False	False	False	False	False	False	False
15	13349.0	787.0	False	False	False	False	False	False	False	False	False	False	False	False
16	6345.0	10629.0	False	False	True	True	False	True	False	False	False	False	False	False
17	12962.0	10421.0	False	False	False	False	False	False	False	False	False	False	False	False
18	6695.0	12832.0	False	False	False	False	False	True	False	False	False	False	False	False
19	3878.0	11988.0	False	False	True	False	False	True	False	False	False	False	False	False
20	6376.0	7156.0	False	False	False	False	False	True	False	False	False	False	False	False
21	12962.0	627.0	False	False	False	False	False	True	False	False	False	False	False	False
22	6603.0	11328.0	False	False	False	False	False	True	False	False	False	False	False	False
23	13371.0	819.0	False	False	False	False	False	True	False	False	False	False	False	False
24	9046.0	425.0	False	False	False	False	False	True	False	False	False	False	False	False
25	13119.0	12598.0	False	False	False	False	False	True	False	False	False	False	False	False
26	7141.0	12071.0	False	True	False	False	False	True	False	True	False	False	False	True
27	13297.0	11648.0	False	False	False	False	False	True	False	False	False	False	False	False
28	1548.0	3772.0	False	False	False	False	False	True	False	False	False	False	False	False
29	5366.0	11804.0	False	False	False	False	False	True	True	False	False	False	True	False
30	11481.0	5607.0	False	False	False	False	False	False	False	False	False	False	False	False
31	7109.0	2259.0	False	False	False	False	False	True	False	False	False	False	False	False
32	3912.0	6766.0	False	True	False	False	False	False	False	False	False	False	False	False
33	4228.0	5824.0	False	True	True	False	False	True	False	True	False	False	False	True
34	5756.0	12255.0	False	False	False	False	False	True	False	True	False	False	False	True
35	3838.0	10774.0	False	False	True	False	False	True	False	False	False	False	False	False
36	13060.0	2594.0	False	False	False	False	False	True	False	False	False	False	False	False
37	4503.0	9981.0	False	False	False	False	False	True	False	False	False	False	False	False
38	6681.0	7758.0	False	False	False	False	False	True	False	False	False	False	False	False
39	1520.0	13170.0	False	False	False	True	False	True	False	False	False	False	False	True
40	10716.0	1429.0	False	False	False	False	False	True	False	False	False	False	False	False
41	6740.0	11269.0	False	False	True	False	False	True	False	False	False	False	False	False
42	13392.0	6048.0	False	False	False	False	False	True	False	False	False	False	False	False
43	3487.0	7255.0	False	False	False	True	False	False	False	False	False	False	False	True
44	1978.0	197.0	False	False	False	False	False	False	False	False	False	False	False	False
45	9478.0	11251.0	False	False	False	False	False	True	False	False	False	False	False	False
46	12473.0	12470.0	False	False	False	False	False	True	False	False	False	False	False	False
47	12085.0	4719.0	False	False	False	False	False	True	False	False	False	False	False	False
48	9683.0	6298.0	True	True	False	False	False	True	False	False	False	False	False	False
49	5690.0	10289.0	False	False	False	False	False	True	False	False	False	False	False	False
50	13213.0	9001.0	False	False	False	False	True	True	False	False	False	False	False	False
51	2941.0	13060.0	False	False	False	False	False	True	False	False	False	False	False	False
52	6954.0	5715.0	False	False	False	False	False	False	False	False	False	False	False	False
53	3469.0	10399.0	False	False	True	False	False	True	False	True	False	False	False	True
54	3907.0	8766.0	False	False	False	False	False	True	False	False	False	False	False	False
55	10317.0	11252.0	False	False	False	False	False	True	False	False	False	False	False	False
56	13516.0	950.0	False	False	False	False	False	True	False	False	False	False	False	False
57	3050.0	5944.0	False	False	False	False	False	True	False	False	False	False	False	False
58	6318.0	3935.0	False	False	True	False	False	True	False	False	False	False	False	False
59	10705.0	10761.0	False	False	False	False	False	True	False	False	False	False	False	False
60	9599.0	10880.0	False	False	False	False	False	False	False	False	False	False	False	False
61	2390.0	3904.0	False	False	False	False	False	True	False	False	False	False	False	False
62	4376.0	5325.0	False	False	True	True	False	False	False	False	False	False	False	False
63	4388.0	2296.0	False	False	False	False	False	True	False	False	False	False	False	False
64	8071.0	13129.0	False	False	False	False	False	True	False	False	False	False	False	False
65	7383.0	8857.0	False	False	False	False	False	True	False	False	False	False	False	False
66	428.0	8607.0	False	False	True	False	False	False	False	False	False	False	False	False
67	9249.0	11515.0	False	False	False	True	False	True	False	False	False	False	False	False
68	11702.0	13351.0	False	False	False	False	False	True	False	False	False	False	False	False
69	10017.0	4389.0	False	True	False	True	False	False	False	False	False	False	False	False
70	11475.0	5722.0	False	False	False	False	False	False	False	False	False	False	False	False
71	12629.0	3369.0	False	True	False	False	False	True	False	True	False	False	False	True
72	6515.0	6937.0	False	True	False	False	False	False	False	False	False	False	False	False
73	4741.0	4421.0	False	False	True	False	False	True	False	False	False	False	False	False
74	1032.0	11170.0	False	False	False	False	False	False	False	False	False	False	False	False
75	12077.0	6661.0	False	False	False	False	False	True	False	True	False	False	False	True
76	8894.0	5886.0	False	False	True	False	False	True	False	False	False	False	False	False
77	13493.0	2757.0	False	False	False	False	False	True	True	False	False	False	True	False
78	1121.0	2278.0	False	False	False	False	False	True	False	True	False	False	False	True
79	1517.0	594.0	False	False	False	False	False	True	False	False	False	False	False	False
80	13467.0	7180.0	False	False	False	False	False	True	False	False	False	False	False	False
81	11585.0	12391.0	False	False	False	True	False	False	True	False	False	False	True	False
82	10561.0	9445.0	False	False	False	False	False	True	False	False	False	False	False	False
83	11655.0	802.0	True	False	False	False	False	False	False	False	False	False	False	False
84	12535.0	12719.0	False	False	False	False	False	False	False	False	False	False	False	False
85	11854.0	4761.0	False	False	False	False	False	True	False	False	False	False	False	False
86	10156.0	7483.0	False	False	False	False	False	True	False	False	False	False	False	False
87	2593.0	11502.0	False	False	False	False	False	True	False	False	False	False	False	False
88	12962.0	405.0	False	False	False	False	False	False	False	False	False	False	False	False
89	1798.0	11077.0	False	False	False	False	False	True	False	False	False	False	False	False
90	7931.0	10983.0	False	False	False	False	False	True	False	True	False	False	False	True
91	6943.0	11271.0	False	False	False	False	False	False	False	False	False	False	False	False
92	13110.0	10516.0	False	True	False	False	False	True	False	False	False	False	False	False
93	1282.0	11337.0	False	False	True	False	False	True	False	False	False	False	False	False
94	1750.0	8544.0	False	False	False	False	False	True	False	False	False	False	False	False
95	5158.0	3973.0	False	False	False	False	False	False	False	False	False	False	False	False
96	4049.0	13060.0	False	False	False	False	False	True	False	False	False	False	False	False
97	5949.0	2668.0	False	False	False	False	False	True	False	False	False	False	False	False
98	11836.0	13372.0	False	False	False	False	False	True	False	False	False	False	False	False
99	5754.0	704.0	False	False	False	False	False	True	False	False	False	False	False	False
100	10100.0	11115.0	False	False	False	True	False	False	False	False	False	False	False	False
101	10280.0	10560.0	False	False	False	False	False	True	False	False	False	False	False	False
102	854.0	12124.0	False	False	False	True	True	True	False	False	False	False	False	False
103	12911.0	7850.0	False	False	False	False	False	False	False	False	False	False	False	False
104	711.0	2375.0	False	False	False	False	False	True	False	True	False	False	False	True
105	12951.0	3790.0	False	False	False	False	False	True	False	False	False	False	False	False
106	10697.0	5902.0	False	False	False	False	False	True	False	False	False	False	False	False
107	2536.0	6730.0	False	False	True	False	False	True	False	True	False	False	False	True
108	5662.0	12364.0	False	False	False	False	False	True	False	False	False	False	False	False
109	7154.0	10684.0	False	False	False	False	False	True	False	False	False	False	False	False
110	1710.0	11951.0	False	False	False	False	False	True	False	False	False	False	False	False
111	9305.0	3615.0	False	False	False	False	False	True	False	False	False	False	False	False
112	13452.0	7091.0	False	False	False	True	False	True	False	False	False	False	False	True
113	12751.0	1165.0	False	False	True	True	False	True	False	False	False	False	False	False
114	6614.0	10678.0	False	False	False	False	False	True	False	False	False	False	False	False
115	10895.0	13484.0	False	False	False	False	False	True	False	False	False	False	False	False
116	5367.0	7056.0	False	False	False	False	False	True	False	False	False	False	False	False
117	5693.0	11052.0	False	False	False	False	False	True	False	False	False	False	False	False
118	5703.0	11690.0	False	False	False	False	False	True	False	False	False	False	False	False
119	12101.0	3780.0	False	False	False	False	False	False	False	False	False	False	False	False
120	13170.0	7644.0	False	False	False	False	False	True	False	False	False	False	False	False
121	9351.0	5062.0	False	False	False	False	False	True	False	False	False	False	False	False
122	4110.0	618.0	False	False	True	False	False	False	False	False	False	False	False	False
123	703.0	2758.0	False	False	False	False	False	True	False	False	False	False	False	False
124	12282.0	839.0	False	False	False	False	False	True	False	False	False	False	False	False
125	5301.0	72.0	False	False	False	False	False	True	False	False	False	False	False	False
126	6276.0	5227.0	False	False	False	False	False	True	False	False	False	False	False	False
127	5275.0	13226.0	False	True	False	False	False	False	False	False	False	False	False	False
128	7145.0	11272.0	False	True	False	False	False	True	False	False	False	False	False	False
129	4623.0	906.0	False	False	True	False	False	True	False	False	False	False	False	False
130	2033.0	11779.0	False	False	True	False	True	True	True	True	False	False	True	True
131	5548.0	2016.0	False	False	False	False	False	False	True	False	False	False	True	False
132	8318.0	2818.0	False	False	True	False	False	False	False	False	False	False	False	False
133	3027.0	9225.0	False	False	True	True	False	False	False	False	False	False	False	False
134	8855.0	13371.0	False	False	False	False	False	True	True	False	False	False	True	False
135	9504.0	6944.0	False	False	False	False	False	True	False	False	False	False	False	False
136	339.0	10248.0	False	False	False	False	False	True	False	True	False	False	False	True
137	8415.0	12390.0	False	False	False	False	False	False	False	False	False	False	False	False
138	12722.0	196.0	False	False	False	False	False	True	False	False	False	False	False	False
139	4928.0	2162.0	False	True	False	True	False	True	False	False	False	False	False	False
140	13173.0	2499.0	False	False	False	False	False	True	False	False	False	False	False	False
141	4431.0	12015.0	False	False	False	False	False	True	False	True	False	False	False	True
142	13266.0	1927.0	False	False	False	False	False	True	False	True	True	False	False	True
143	6272.0	7245.0	False	False	False	False	False	True	False	False	False	False	False	False
144	7153.0	7606.0	False	False	False	False	False	True	False	False	False	False	False	False
145	9090.0	12773.0	False	False	False	False	False	True	False	False	False	False	False	False
146	6721.0	634.0	False	False	False	False	False	True	False	False	False	False	False	False
147	9250.0	5697.0	False	False	False	False	False	True	False	False	False	False	False	False
148	12941.0	8938.0	False	False	False	False	False	True	False	False	False	False	False	False
149	6805.0	13336.0	False	False	False	False	False	True	False	False	False	False	False	False
150	7871.0	12236.0	False	True	False	True	True	True	False	False	True	False	False	False
151	12457.0	10787.0	False	False	False	False	False	True	False	False	False	False	False	False
152	2766.0	11097.0	False	False	False	False	False	False	False	False	False	False	False	False
153	5856.0	3675.0	False	False	False	False	False	True	False	False	False	False	False	False
154	10791.0	7436.0	False	False	False	False	False	True	False	True	False	False	False	True
155	12776.0	4095.0	False	False	False	False	False	True	False	False	False	False	False	False
156	8710.0	13043.0	False	False	False	False	False	True	False	False	False	False	False	False
157	8230.0	2126.0	False	False	False	False	False	True	False	False	False	False	False	False
158	935.0	8642.0	False	True	False	False	False	False	False	False	False	False	False	False
159	8453.0	6979.0	False	False	False	False	False	True	False	False	False	False	False	False
160	8599.0	8247.0	False	False	True	False	False	False	False	False	False	False	False	False
161	12887.0	12891.0	False	False	False	False	False	True	False	False	False	False	False	False
162	591.0	13493.0	False	False	False	False	False	True	False	False	False	False	False	False
163	10685.0	328.0	False	False	False	False	False	False	False	False	False	False	False	False
164	11498.0	8268.0	False	False	False	True	False	True	False	False	False	False	False	False
165	332.0	11791.0	False	False	False	False	False	True	False	False	False	False	False	False
166	13432.0	6122.0	False	False	True	False	False	False	False	False	False	False	False	False
167	4797.0	12362.0	False	False	False	False	False	True	False	False	False	False	False	False
168	4292.0	1970.0	False	False	False	False	False	False	False	False	False	False	False	False
169	8515.0	11331.0	False	False	False	False	False	True	False	False	False	False	False	False
170	721.0	11658.0	False	False	False	False	False	True	False	False	False	False	False	False
171	11488.0	3535.0	False	False	False	False	False	True	False	False	False	False	False	False
172	948.0	3274.0	False	False	False	False	False	True	False	False	False	False	False	False
173	11388.0	10056.0	False	False	False	False	False	True	False	False	False	False	False	False
174	3141.0	12244.0	False	False	False	False	False	True	False	True	False	False	False	True
175	3195.0	13493.0	False	False	False	False	False	False	False	False	False	False	False	False
176	7099.0	7594.0	False	False	False	False	False	True	False	False	False	False	False	False
177	13587.0	11520.0	False	False	False	False	False	False	False	False	False	False	False	False
178	6826.0	10183.0	False	False	False	False	False	True	False	False	False	False	False	False
179	1809.0	5052.0	False	False	False	False	False	False	False	False	False	False	False	False
180	2295.0	9339.0	False	False	False	False	False	True	False	False	False	False	False	False
181	4764.0	1249.0	False	False	False	False	False	True	False	False	False	False	False	False
182	7681.0	4572.0	False	False	False	False	False	True	False	False	False	False	False	False
183	10826.0	12300.0	False	False	False	False	False	True	False	False	False	False	False	False
184	9592.0	2712.0	False	False	False	False	False	False	False	False	False	False	False	False
185	4013.0	10859.0	False	False	True	True	False	False	False	False	False	False	False	False
186	10009.0	5118.0	False	False	False	False	False	False	False	False	False	False	False	False
187	3415.0	12943.0	False	True	False	False	False	True	False	False	False	False	False	False
188	3761.0	2714.0	False	False	False	False	False	True	False	False	False	False	False	False
189	10461.0	6083.0	False	False	False	False	False	True	False	False	False	False	False	False
190	11644.0	9394.0	False	False	True	False	False	True	False	True	False	False	False	True
191	8952.0	6243.0	False	False	False	False	False	True	False	False	False	False	False	False
192	3456.0	1584.0	False	False	False	False	False	False	False	False	False	False	False	False
193	13101.0	4536.0	False	False	False	False	False	True	False	False	False	False	False	False
194	1637.0	12469.0	False	False	True	True	False	False	False	False	False	False	False	True
195	1942.0	7969.0	False	False	False	False	False	True	True	True	False	False	True	True
196	9094.0	7087.0	False	False	False	False	False	True	False	False	False	False	False	False
197	9184.0	12962.0	False	False	False	False	False	True	False	False	False	False	False	False
198	2841.0	2441.0	False	False	False	False	False	True	False	False	False	False	False	False
199	1711.0	5423.0	False	False	False	False	False	True	False	False	False	False	False	False
200	1343.0	12279.0	False	False	False	False	False	True	False	False	False	False	False	False
201	1176.0	713.0	False	False	False	False	False	False	False	False	False	False	False	False
202	7977.0	6364.0	False	False	False	False	False	True	False	False	False	False	False	False
203	9910.0	12516.0	False	False	False	False	False	True	True	False	False	False	True	False
204	12951.0	8912.0	False	False	True	False	False	True	True	True	False	False	True	True
205	13067.0	12549.0	False	False	False	False	False	True	False	False	False	False	False	False
206	5222.0	7660.0	False	False	False	False	False	True	False	False	False	False	False	False
207	3988.0	11574.0	False	False	False	True	False	True	False	False	False	False	False	False
208	3754.0	1766.0	False	False	False	False	False	True	False	False	False	False	False	False
209	7453.0	10481.0	False	False	True	False	False	True	False	False	False	False	False	False
210	7828.0	7816.0	False	False	False	False	False	True	False	False	False	False	False	False
211	5791.0	10069.0	False	False	False	False	False	True	False	True	False	False	False	True
212	1448.0	13434.0	False	False	True	False	False	True	False	False	False	False	False	False
213	12301.0	2973.0	False	False	True	False	False	False	False	False	False	False	False	False
214	4207.0	3433.0	False	False	True	False	False	True	True	False	False	False	True	False
215	5283.0	5217.0	False	False	False	False	False	True	False	False	False	False	False	False
216	13611.0	1920.0	False	True	False	False	False	True	False	False	False	False	False	False
217	6724.0	12071.0	False	False	False	False	False	False	False	False	False	False	False	False
218	7967.0	11657.0	False	False	False	False	False	True	False	False	False	False	False	False
219	12724.0	11228.0	False	True	True	True	False	True	False	False	False	False	False	False
220	6533.0	289.0	False	False	False	False	False	True	False	False	False	False	False	False
221	5578.0	10091.0	False	False	False	False	False	True	False	False	False	False	False	False
222	9140.0	12701.0	False	False	False	True	False	False	False	False	False	False	False	False
223	5603.0	12622.0	False	False	False	False	False	False	False	False	False	False	False	False
224	11165.0	2224.0	False	False	True	False	False	False	False	False	False	False	False	False
225	660.0	11857.0	False	True	False	False	False	False	False	False	False	False	False	False
226	9081.0	9697.0	False	False	True	True	False	True	False	False	False	False	False	False
227	12810.0	10375.0	False	False	False	False	False	True	False	False	False	False	False	False
228	13493.0	4949.0	False	False	False	False	False	True	False	False	False	False	False	False
229	12176.0	4823.0	False	False	False	False	False	True	False	False	False	False	False	False
230	10483.0	9089.0	False	False	False	False	False	True	False	False	False	False	False	False
231	937.0	10111.0	False	False	False	False	False	False	False	False	False	False	False	False
232	1816.0	8828.0	False	False	False	False	False	True	False	False	False	False	False	False
233	13430.0	10679.0	False	False	False	False	False	True	False	False	False	False	False	False
234	395.0	12475.0	False	False	False	False	False	True	False	False	False	False	False	False
235	11780.0	6863.0	False	True	False	False	False	True	False	False	False	False	False	False
236	6510.0	11474.0	False	False	False	False	False	True	False	False	False	False	False	False
237	12108.0	6791.0	False	True	True	False	False	False	False	False	False	False	False	False
238	2110.0	5308.0	False	False	False	False	False	True	False	False	False	False	False	False
239	11606.0	11999.0	False	False	False	False	False	True	False	True	False	False	False	True
240	836.0	6420.0	False	False	False	False	False	True	False	False	False	False	False	False
241	11407.0	6569.0	False	False	False	False	False	True	False	False	False	False	False	False
242	4050.0	4494.0	False	False	False	False	False	True	False	False	False	False	False	False
243	9499.0	5507.0	False	False	False	False	False	True	True	False	False	False	True	False
244	13058.0	8317.0	False	False	False	False	False	True	False	False	False	False	False	False
245	9798.0	2983.0	False	False	False	False	False	True	False	False	False	False	False	False
246	12920.0	745.0	False	False	False	False	False	True	False	False	False	False	False	False
247	372.0	10397.0	False	False	False	False	False	True	False	False	False	False	False	False
248	10239.0	3452.0	False	True	False	False	False	False	False	False	False	False	False	False
249	13419.0	13412.0	False	False	False	False	False	True	False	False	False	False	False	False
250	12962.0	12488.0	False	False	False	False	False	True	False	False	False	False	False	False
251	7301.0	7692.0	False	False	False	False	False	True	False	True	False	False	False	True
252	9908.0	4950.0	False	True	False	False	False	False	False	False	False	False	False	False
253	12642.0	1068.0	False	False	True	False	False	False	False	False	False	False	False	False
254	3903.0	13231.0	False	False	True	False	False	True	False	False	False	False	False	False
255	7492.0	5488.0	False	False	False	False	False	True	False	False	False	False	False	False
256	11549.0	2417.0	False	False	False	False	False	True	False	False	False	False	False	False
257	11414.0	10249.0	False	False	True	False	False	False	False	False	False	False	False	False
258	3478.0	7486.0	False	False	False	False	False	True	False	False	False	False	False	False
259	1340.0	8476.0	False	False	False	False	False	True	False	False	False	False	False	False
260	1199.0	8106.0	False	False	False	False	False	True	False	True	False	False	False	True
261	7328.0	11954.0	False	False	False	False	False	True	False	False	False	False	False	False
262	4020.0	4326.0	False	False	False	False	False	True	False	True	False	False	False	True
263	11692.0	1898.0	False	False	False	False	False	False	False	False	False	False	False	False
264	13170.0	12282.0	True	False	False	False	False	False	False	False	True	False	False	False
265	231.0	9949.0	False	False	False	False	False	True	False	False	False	False	False	False
266	6566.0	8404.0	False	False	False	False	False	True	False	False	False	False	False	False
267	2091.0	8187.0	False	False	False	False	False	True	False	False	False	False	False	False
268	5208.0	3799.0	False	False	False	False	False	True	False	True	False	False	False	True
269	11118.0	13170.0	False	False	False	False	False	True	False	False	False	False	False	False
270	4991.0	2215.0	False	False	False	False	False	True	False	False	False	False	False	False
271	3024.0	5210.0	False	False	False	True	True	True	False	False	False	False	False	False
272	6750.0	3951.0	False	False	True	False	False	True	False	False	False	False	False	False
273	105.0	10300.0	False	False	False	False	False	True	False	True	False	False	False	True
274	9788.0	6443.0	False	False	False	False	False	True	False	False	False	False	False	False
275	2798.0	6508.0	False	False	False	False	False	False	False	False	False	False	False	False
276	5508.0	4428.0	False	True	False	False	False	False	False	False	True	False	False	False
277	814.0	9337.0	False	False	False	False	False	True	False	False	False	False	False	False
278	3690.0	10627.0	False	False	True	False	False	True	False	False	False	False	False	False
279	7752.0	10573.0	False	False	False	False	False	True	False	False	False	False	False	False
280	13331.0	4297.0	False	True	False	False	False	True	False	False	False	False	False	False
281	475.0	5952.0	False	False	False	False	False	False	False	False	False	False	False	False
282	11896.0	3239.0	False	False	False	False	False	True	False	False	False	False	False	False
283	4351.0	4828.0	False	False	False	False	False	True	False	False	False	False	False	False
284	13515.0	1215.0	False	False	True	False	False	True	False	False	False	False	False	False
285	7565.0	13543.0	False	False	False	False	False	True	False	False	False	False	False	False
286	9028.0	8196.0	False	False	False	False	False	True	False	False	False	False	False	False
287	12678.0	5919.0	False	False	False	False	False	True	False	False	False	False	False	False
288	10582.0	7579.0	False	False	False	False	False	True	True	True	False	False	True	True
289	3893.0	6664.0	False	False	False	False	False	True	False	False	False	False	False	False
290	10448.0	2557.0	False	False	False	False	False	True	False	False	False	False	False	False
291	8919.0	13274.0	False	True	False	False	False	False	False	False	True	False	False	False
292	12199.0	12586.0	False	False	False	False	False	True	False	False	False	False	False	False
293	12995.0	1380.0	False	False	False	False	False	True	False	False	False	False	False	False
294	2262.0	7346.0	False	False	False	False	False	False	False	False	False	False	False	False
295	4289.0	1357.0	False	True	False	False	False	True	False	False	False	False	False	False
296	7061.0	6305.0	False	True	False	True	True	True	False	False	True	False	False	False
297	10232.0	4830.0	False	False	False	False	False	True	False	False	False	False	False	False
298	4567.0	5028.0	False	True	False	False	False	True	True	True	False	False	True	True
299	508.0	11870.0	False	False	False	False	False	True	False	False	False	False	False	False
300	913.0	13375.0	False	False	True	False	False	True	False	False	False	False	False	False
301	12840.0	10236.0	False	False	False	False	False	True	False	False	False	False	False	False
302	6752.0	322.0	False	False	False	False	False	True	False	False	False	False	False	False
303	8461.0	12359.0	False	False	False	False	False	True	False	False	False	False	False	False
304	714.0	9419.0	False	False	False	False	False	True	False	False	False	False	False	False
305	7186.0	8003.0	False	False	False	False	False	True	False	False	False	False	False	False
306	12786.0	2807.0	False	False	False	False	False	False	False	False	False	False	False	False
307	7626.0	5691.0	False	False	False	False	False	False	False	False	False	False	False	False
308	10695.0	3939.0	False	False	False	False	False	True	False	False	False	False	False	False
309	3072.0	11831.0	False	False	False	False	False	True	False	False	False	False	False	False
310	139.0	7941.0	False	False	False	False	False	False	False	False	False	False	False	False
311	3747.0	3172.0	False	True	True	False	False	False	False	False	False	False	False	False
312	8408.0	1547.0	False	False	False	False	False	False	False	False	False	False	False	False
313	7152.0	1427.0	False	False	False	False	False	False	False	False	False	False	False	False
314	7476.0	10727.0	False	False	False	False	False	False	False	False	False	False	False	False
315	6886.0	8705.0	False	False	True	False	False	True	False	False	False	False	False	False
316	9008.0	8232.0	False	False	False	False	False	True	False	False	False	False	False	False
317	13519.0	11143.0	False	False	True	True	False	True	False	False	False	False	False	True
318	10689.0	9844.0	False	False	True	False	False	True	False	True	False	False	False	True
319	1489.0	7237.0	False	False	False	False	False	False	False	False	False	False	False	False
320	5126.0	7123.0	False	False	False	False	True	True	False	False	False	False	False	False
321	11128.0	6994.0	False	False	False	False	False	True	False	True	False	False	False	True
322	10452.0	8264.0	False	False	False	False	False	True	False	False	False	False	False	False
323	11396.0	1108.0	False	False	False	False	False	True	False	False	False	False	False	False
324	8202.0	13245.0	False	False	False	False	False	False	False	False	False	False	False	False
325	3298.0	5045.0	False	False	False	False	False	True	False	False	False	False	False	False
326	10585.0	7656.0	False	False	False	True	False	False	False	False	False	False	False	False
327	11972.0	10214.0	False	False	False	False	False	True	False	False	False	False	False	False
328	12579.0	4854.0	False	False	True	False	False	True	False	True	False	False	False	True
329	4971.0	13365.0	False	False	False	False	False	True	False	False	False	False	False	False
330	1687.0	1800.0	False	False	False	False	False	True	False	True	False	False	False	True
331	10.0	2772.0	False	False	False	False	False	True	False	True	False	False	False	True
332	156.0	1407.0	False	False	False	False	False	True	False	False	False	False	False	False
333	1746.0	6852.0	False	False	False	False	False	True	False	False	False	False	False	False
334	6797.0	9896.0	False	False	False	False	False	True	False	False	False	False	False	False
335	10388.0	4943.0	False	False	False	False	False	False	False	False	False	False	False	False
336	7831.0	11116.0	False	False	False	False	False	False	False	False	False	False	False	False
337	783.0	7267.0	False	False	False	False	False	True	False	True	False	False	False	True
338	5063.0	7035.0	False	False	False	False	False	True	False	False	False	False	False	False
339	5408.0	9327.0	False	False	False	False	False	True	False	False	False	False	False	False
340	1163.0	7945.0	False	False	False	False	False	True	False	False	False	False	False	False
341	9107.0	1207.0	False	False	False	False	False	True	False	False	False	False	False	False
342	2956.0	10867.0	False	False	True	False	False	True	False	True	False	False	False	True
343	10337.0	12775.0	False	True	False	False	False	True	False	False	False	False	False	False
344	12570.0	11651.0	False	False	False	False	False	False	False	False	False	False	False	False
345	2197.0	4673.0	False	False	False	False	False	True	False	False	False	False	False	False
346	3198.0	8424.0	False	False	False	False	False	True	False	False	False	False	False	False
347	509.0	13519.0	False	False	False	False	False	False	False	False	False	False	False	False
348	4434.0	8665.0	False	False	True	True	False	False	False	False	False	False	False	False
349	13088.0	9600.0	False	False	False	False	False	False	False	False	False	False	False	False
350	11126.0	6325.0	False	True	False	False	False	True	False	False	False	False	False	False
351	7522.0	7796.0	False	False	False	False	False	True	False	False	False	False	False	False
352	13560.0	12499.0	False	False	False	False	False	True	False	True	False	False	False	True
353	6351.0	10166.0	False	False	False	False	False	True	False	False	False	False	False	False
354	6529.0	3375.0	False	False	False	False	False	True	False	False	False	False	False	False
355	9508.0	872.0	False	False	False	False	False	True	False	False	False	False	False	False
356	11535.0	1051.0	False	False	False	False	False	True	False	False	False	False	False	False
357	6632.0	3714.0	False	False	False	False	False	False	False	False	False	False	False	False
358	12578.0	6034.0	False	False	False	False	False	True	False	False	False	False	False	False
359	6378.0	8159.0	False	False	False	True	False	True	False	False	False	False	False	False
360	13131.0	13017.0	False	False	False	False	False	True	False	False	False	False	False	False
361	12167.0	10729.0	False	False	False	False	False	True	False	False	False	False	False	False
362	1882.0	6965.0	False	False	False	False	False	True	False	False	False	False	False	False
363	11673.0	625.0	False	False	False	False	False	True	False	False	False	False	False	False
364	3183.0	11379.0	False	False	False	False	False	True	False	True	False	False	False	True
365	6409.0	3289.0	False	False	False	False	False	True	False	False	False	False	False	False
366	9720.0	5891.0	False	False	False	False	False	True	False	False	False	False	False	False
367	4697.0	13493.0	False	False	True	False	False	False	False	False	False	False	False	False
368	12520.0	2980.0	False	False	True	False	False	True	False	False	False	False	False	False
369	2281.0	945.0	False	False	True	False	False	True	False	False	False	False	False	False
370	12444.0	153.0	False	False	False	False	False	True	False	False	False	False	False	False
371	11772.0	10905.0	False	False	False	False	False	True	False	False	False	False	False	False
372	9457.0	1707.0	False	True	False	False	False	True	False	False	False	False	False	False
373	5903.0	12962.0	False	False	False	False	False	True	False	False	False	False	False	False
374	3095.0	11714.0	False	False	False	False	False	True	False	True	False	False	False	True
375	3970.0	6196.0	False	False	False	False	False	True	False	False	False	False	False	False
376	7268.0	8234.0	False	True	False	False	False	False	False	False	False	False	False	False
377	13052.0	12071.0	False	False	False	False	False	False	False	False	False	False	False	False
378	2904.0	6123.0	False	False	False	False	False	True	False	False	False	False	False	False
379	852.0	4954.0	False	False	False	False	False	True	False	False	False	False	False	False
380	4859.0	143.0	False	False	False	False	False	True	False	False	False	False	False	False
381	11031.0	7172.0	False	False	False	False	False	True	False	False	False	False	False	False
382	13577.0	6433.0	False	False	False	False	False	True	False	False	False	False	False	False
383	6788.0	9146.0	False	False	False	False	False	True	False	False	False	False	False	False
384	1323.0	3281.0	False	False	False	False	False	True	False	True	False	False	False	True
385	10981.0	1700.0	False	False	False	False	False	False	False	False	False	False	False	False
386	3536.0	8070.0	False	False	False	False	False	True	False	False	False	False	False	False
387	13277.0	3791.0	False	False	True	False	False	True	False	True	False	False	False	True
388	5383.0	346.0	False	False	True	True	False	True	False	False	False	False	False	False
389	3192.0	11206.0	False	False	True	False	False	True	False	True	False	False	False	True
390	7410.0	8984.0	False	False	False	False	False	True	False	False	False	False	False	False
391	818.0	11692.0	False	False	True	False	False	True	False	True	False	False	False	True
392	11855.0	12233.0	False	False	False	False	False	True	False	False	False	False	False	False
393	13354.0	9957.0	False	True	False	False	False	True	False	True	False	False	False	True
394	3968.0	1275.0	False	False	True	False	False	True	False	True	False	False	False	True
395	4640.0	12378.0	False	False	False	False	False	True	False	False	False	False	False	False
396	11794.0	8911.0	False	False	False	False	False	True	False	False	False	False	False	False
397	10049.0	10648.0	False	True	False	False	False	True	False	False	False	False	False	False
398	6241.0	7070.0	False	False	False	False	False	False	False	False	False	False	False	False
399	13519.0	10781.0	False	False	True	True	False	True	False	False	False	False	False	False
400	10556.0	10164.0	False	False	False	False	False	True	False	True	False	False	False	True
401	3834.0	11460.0	False	False	False	False	False	True	False	True	False	False	False	True
402	4211.0	342.0	False	False	False	False	False	True	False	False	False	False	False	False
403	5526.0	12871.0	False	False	False	False	False	True	False	False	False	False	False	False
404	11001.0	11936.0	False	False	False	False	False	True	False	False	False	False	False	False
405	1009.0	8383.0	True	False	False	False	False	True	False	False	False	False	False	False
406	7323.0	6972.0	False	False	False	False	False	True	False	True	False	False	False	True
407	7072.0	791.0	False	False	False	False	False	False	False	False	False	False	False	False
408	12288.0	597.0	False	False	False	False	False	True	False	False	False	False	False	False
409	13427.0	1769.0	False	False	True	False	False	True	False	False	False	False	False	False
410	12143.0	5627.0	False	False	True	False	False	True	False	False	False	False	False	False
411	4796.0	786.0	False	False	True	True	False	True	False	True	False	False	False	True
412	2700.0	11127.0	False	False	True	False	False	True	False	False	False	False	False	False
413	10409.0	315.0	False	False	False	False	False	True	False	False	False	False	False	False
414	11689.0	5531.0	False	False	False	False	False	True	False	True	False	False	False	True
415	7927.0	6210.0	False	False	False	False	False	True	False	False	False	False	False	False
416	2878.0	5051.0	False	False	False	False	False	True	False	False	False	False	False	False
417	8675.0	8046.0	False	False	False	False	False	False	False	False	False	False	False	False
418	8475.0	10686.0	False	True	False	False	False	True	False	False	False	False	False	False
419	13362.0	2217.0	False	False	False	False	False	True	False	False	False	False	False	False
420	6821.0	10986.0	False	True	False	False	False	True	False	False	False	False	False	False
421	4559.0	11711.0	False	False	True	False	False	True	False	False	False	False	False	False
422	7298.0	7291.0	False	True	False	False	False	False	False	False	False	False	False	False
423	6878.0	8945.0	False	False	False	False	False	True	False	False	False	False	False	False
424	5111.0	2520.0	False	False	False	False	False	True	False	False	False	False	False	False
425	2572.0	2456.0	False	False	False	False	False	True	False	False	False	False	False	False
426	5618.0	11289.0	False	False	False	False	False	True	False	True	False	False	False	True
427	6746.0	4268.0	False	False	False	False	False	True	False	False	False	False	False	False
428	3742.0	6373.0	False	False	False	False	False	True	False	False	False	False	False	False
429	6898.0	9939.0	False	True	True	False	False	True	False	False	False	False	False	False
430	4224.0	4219.0	False	False	False	False	False	True	False	False	False	False	False	False
431	12693.0	10357.0	False	False	True	False	False	True	False	False	False	False	False	False
432	914.0	13024.0	False	False	False	False	False	True	False	True	False	False	False	True
433	10749.0	4213.0	False	False	True	False	False	True	False	False	False	False	False	False
434	7885.0	6551.0	False	False	False	False	False	False	False	False	False	False	False	False
435	2706.0	9665.0	False	False	False	False	False	False	False	False	False	False	False	False
436	12282.0	13101.0	False	False	False	False	False	True	False	False	False	False	False	False
437	2203.0	11878.0	False	False	False	False	False	True	False	False	False	False	False	False
438	8586.0	4554.0	False	False	False	False	False	True	False	True	False	False	False	True
439	11204.0	125.0	False	False	False	False	False	False	False	False	False	False	False	False
440	3719.0	10271.0	False	False	False	False	False	True	False	False	False	False	False	False
441	13587.0	13371.0	False	False	False	False	False	True	False	True	False	False	False	True
442	1951.0	6775.0	False	False	False	False	False	False	False	False	False	False	False	False
443	5395.0	5500.0	False	False	False	False	False	True	False	False	False	False	False	False
444	8224.0	7339.0	False	False	False	False	False	True	False	False	False	False	False	False
445	8041.0	9375.0	False	False	False	False	False	True	False	False	False	False	False	False
446	11342.0	6871.0	False	False	False	False	False	True	False	True	False	False	False	True
447	7136.0	432.0	False	False	False	False	False	False	False	False	False	False	False	False
448	6300.0	12734.0	False	False	False	False	False	True	True	True	False	False	True	True
449	1979.0	11178.0	False	False	True	True	False	False	False	False	False	False	False	False
450	8958.0	11327.0	False	False	False	False	False	True	False	False	False	False	False	False
451	12463.0	3693.0	False	False	False	False	False	True	False	True	False	False	False	True
452	1696.0	13408.0	False	False	False	False	False	True	False	True	False	False	False	True
453	5572.0	2677.0	False	True	False	False	False	True	False	False	False	False	False	False
454	3915.0	6401.0	False	False	False	False	False	True	False	False	False	False	False	False
455	6028.0	2460.0	False	False	False	False	False	True	False	False	False	False	False	False
456	4707.0	9702.0	False	False	False	False	False	False	False	False	False	False	False	False
457	4544.0	1656.0	False	False	False	False	False	True	False	False	False	False	False	False
458	10671.0	5075.0	False	False	False	False	False	True	False	False	False	False	False	False
459	9566.0	8183.0	False	False	False	False	False	False	False	False	False	False	False	False
460	11432.0	11864.0	False	False	True	False	False	True	False	False	False	False	False	False
461	6435.0	13060.0	False	False	False	False	False	True	False	False	False	False	False	False
462	1385.0	12763.0	False	False	False	False	False	False	False	False	True	False	False	False
463	810.0	3609.0	False	False	True	False	False	True	False	False	False	False	False	False
464	8442.0	13551.0	False	False	False	False	False	True	False	False	False	False	False	False
465	2484.0	13589.0	False	False	False	False	False	True	False	False	False	False	False	False
466	12439.0	5377.0	False	False	False	False	False	True	False	False	False	False	False	False
467	10675.0	164.0	False	False	False	False	False	True	False	False	False	False	False	False
468	9946.0	10730.0	False	False	False	False	False	True	False	False	False	False	False	False
469	2653.0	7949.0	False	False	False	False	False	True	False	False	False	False	False	False
470	9102.0	6397.0	False	False	False	False	False	True	False	False	False	False	False	False
471	7662.0	11973.0	False	False	False	False	False	True	True	False	False	False	True	False
472	13227.0	9192.0	False	False	False	False	False	True	False	False	False	False	False	False
473	11893.0	13493.0	False	True	False	False	False	True	False	False	False	False	False	False
474	12187.0	5182.0	False	False	True	False	False	False	False	False	False	False	False	False
475	3830.0	4579.0	False	False	False	False	False	False	False	False	False	False	False	False
476	13170.0	9677.0	False	False	False	False	False	True	False	False	False	False	False	False
477	8868.0	7539.0	False	False	False	False	False	True	False	False	False	False	False	False
478	9886.0	9925.0	False	False	False	False	False	True	False	False	False	False	False	False
479	138.0	7903.0	False	False	False	False	False	True	False	False	False	False	False	False
480	12756.0	6245.0	False	False	False	False	False	False	False	False	False	False	False	False
481	292.0	8678.0	False	False	False	False	False	False	False	False	False	False	False	False
482	7637.0	6682.0	False	False	False	False	False	True	False	False	False	False	False	False
483	11984.0	6188.0	False	False	False	False	False	True	False	False	False	False	False	False
484	13452.0	10354.0	False	False	False	False	False	True	True	False	False	False	True	False
485	1936.0	5942.0	False	False	False	False	False	True	False	False	False	False	False	False
486	942.0	6135.0	False	False	False	False	False	True	False	False	False	False	False	False
487	9870.0	13134.0	False	False	False	False	False	True	True	False	False	False	True	False
488	3621.0	7647.0	False	False	False	False	False	True	False	False	False	False	False	False
489	13254.0	3779.0	False	False	False	False	False	True	False	False	False	False	False	False
490	13022.0	11223.0	False	False	False	False	False	True	False	False	False	False	False	False
491	12753.0	4824.0	False	False	False	False	False	True	False	True	False	False	False	True
492	9542.0	11798.0	False	False	False	False	False	True	False	False	False	False	False	False
493	5725.0	2526.0	False	False	False	False	False	False	False	False	False	False	False	False
494	1523.0	1084.0	False	False	False	False	False	True	False	False	False	False	False	False
495	5153.0	13618.0	False	False	False	False	False	True	False	False	False	False	False	False
496	3795.0	12406.0	False	False	False	False	False	True	False	False	False	False	False	False
497	10187.0	1960.0	False	False	False	False	False	True	False	False	False	False	False	False
498	344.0	8776.0	False	False	True	False	False	True	False	False	False	False	False	False
499	12441.0	3880.0	False	False	False	False	False	True	False	False	False	False	False	False
500	689.0	4399.0	False	False	False	False	True	True	True	False	False	False	True	False
501	12573.0	4577.0	False	False	False	False	False	False	False	False	False	False	False	False
502	13052.0	9165.0	False	False	False	False	False	True	False	False	False	False	False	False
503	12627.0	9838.0	False	False	False	False	False	False	False	False	False	False	False	False
504	9086.0	4610.0	False	False	False	False	False	True	False	False	False	False	False	False
505	4705.0	12008.0	False	False	False	False	False	True	False	False	False	False	False	False
506	1053.0	8956.0	False	False	False	False	False	False	False	False	False	False	False	False
507	736.0	9904.0	False	False	True	False	False	True	False	False	False	False	False	False
508	4541.0	4770.0	False	False	False	False	False	True	False	False	False	False	False	False
509	8105.0	3358.0	False	False	False	False	False	True	False	False	False	False	False	False
510	6291.0	6617.0	False	False	False	False	False	True	False	False	False	False	False	False
511	137.0	2127.0	False	False	False	False	False	True	False	False	False	False	False	False
512	2257.0	4473.0	False	False	False	False	False	True	False	False	False	False	False	False
513	4929.0	2918.0	False	False	False	False	False	True	False	False	False	False	False	False
514	12245.0	6514.0	False	False	False	True	False	False	False	False	False	False	False	True
515	7260.0	6525.0	False	False	False	False	False	True	False	False	False	False	False	False
516	6222.0	2952.0	False	False	True	False	False	True	False	False	False	False	False	False
517	6071.0	13181.0	False	False	False	False	False	True	False	False	False	False	False	False
518	13101.0	3977.0	False	False	False	False	False	True	False	False	False	False	False	False
519	7728.0	12336.0	False	True	False	False	False	False	False	False	False	False	False	False
520	2631.0	12605.0	False	False	False	False	False	True	False	False	False	False	False	False
521	5972.0	1013.0	False	False	True	False	False	True	False	True	False	False	False	True
522	12238.0	13187.0	False	False	False	False	False	True	False	False	False	False	False	False
523	9596.0	11307.0	False	False	True	False	True	True	False	False	False	False	False	False
524	1061.0	5650.0	False	False	False	False	False	True	False	False	False	False	False	False
525	10926.0	3598.0	False	False	False	False	False	True	False	True	False	False	False	True
526	9099.0	4302.0	False	True	False	False	False	True	False	True	False	False	False	True
527	11976.0	11917.0	False	False	False	False	False	True	False	False	False	False	False	False
528	3053.0	5621.0	False	False	False	False	False	False	False	False	False	False	False	False
529	11670.0	6577.0	False	False	True	False	False	True	False	True	False	False	False	True
530	12962.0	10012.0	False	False	True	False	False	True	False	False	False	False	False	False
531	295.0	5700.0	False	False	True	False	False	True	False	False	False	False	False	False
532	480.0	12282.0	False	False	False	False	False	True	False	True	False	False	False	True
533	8113.0	10719.0	False	False	False	False	False	False	False	False	False	False	False	False
534	1253.0	1117.0	False	False	True	False	False	True	False	False	False	False	False	False
535	119.0	9468.0	False	False	False	False	False	True	False	False	False	False	False	False
536	6205.0	5315.0	False	False	False	False	False	True	False	False	False	False	False	False
537	4590.0	8102.0	False	False	False	False	False	True	False	False	False	False	False	False
538	1820.0	11911.0	False	False	False	False	False	True	True	True	False	False	True	True
539	13082.0	7329.0	False	False	False	False	False	True	False	False	False	False	False	False
540	8089.0	5314.0	False	False	False	False	False	True	False	False	False	False	False	False
541	10972.0	4108.0	False	True	False	False	False	True	False	False	False	False	False	False
542	3310.0	111.0	False	False	False	False	False	True	True	True	False	False	True	True
543	1171.0	805.0	False	False	False	False	False	False	False	False	False	False	False	False
544	7126.0	12412.0	False	False	False	False	False	False	False	False	False	False	False	False
545	4116.0	3736.0	False	True	True	False	False	False	False	False	True	False	False	False
546	8492.0	12948.0	False	False	False	False	False	True	False	False	False	False	False	False
547	13254.0	12962.0	False	False	False	False	False	True	False	False	False	False	False	False
548	9255.0	218.0	False	False	False	False	False	True	False	False	False	False	False	False
549	1785.0	3869.0	False	False	False	False	False	False	False	False	False	False	False	False
550	10512.0	8915.0	False	False	True	False	False	True	False	False	False	False	False	False
551	6580.0	13483.0	False	False	True	False	False	True	False	False	False	False	False	False
552	4277.0	6238.0	False	False	True	False	False	True	False	True	False	False	False	True
553	4693.0	7696.0	False	False	True	False	False	False	False	False	False	False	False	False
554	8348.0	10674.0	False	False	False	False	False	True	False	False	False	False	False	False
555	7487.0	1821.0	False	False	False	False	False	True	False	False	False	False	False	False
556	525.0	5747.0	False	False	False	False	False	True	False	False	False	False	False	False
557	11421.0	2148.0	False	False	False	False	False	True	False	False	False	False	False	False
558	1060.0	10907.0	False	True	False	True	False	True	False	False	False	False	False	False
559	123.0	11005.0	False	True	False	False	False	False	False	False	False	False	False	False
560	5717.0	4955.0	False	False	True	False	False	True	False	False	False	False	False	False
561	5360.0	5874.0	False	False	False	False	False	True	False	False	False	False	False	False
562	8129.0	6751.0	False	False	False	False	True	True	False	False	False	False	False	False
563	5152.0	5463.0	False	False	True	False	False	True	False	True	False	False	False	True
564	870.0	10427.0	False	False	True	False	False	True	False	False	False	False	False	False
565	6782.0	266.0	False	False	False	False	False	True	False	False	False	False	False	False
566	8944.0	11454.0	False	False	True	False	False	True	False	False	False	False	False	False
567	7974.0	7542.0	False	False	False	False	False	False	False	False	False	False	False	False
568	3258.0	7821.0	False	False	False	False	False	True	False	False	False	False	False	False
569	5517.0	1122.0	False	False	False	False	False	True	False	False	False	False	False	False
570	2342.0	8427.0	False	False	False	False	False	True	False	False	False	False	False	False
571	12962.0	7488.0	False	False	False	False	False	True	False	False	False	False	False	False
572	2313.0	11752.0	False	False	False	False	False	True	False	False	False	False	False	False
573	10638.0	12930.0	False	False	False	False	False	True	False	False	False	False	False	False
574	7349.0	12924.0	False	False	False	False	False	True	False	False	False	False	False	False
575	6550.0	6440.0	False	False	False	False	False	True	False	False	False	False	False	False
576	10781.0	8531.0	False	False	False	False	True	True	False	False	False	False	False	False
577	12555.0	2817.0	False	False	False	False	False	False	False	False	False	False	False	False
578	875.0	6601.0	False	False	False	False	False	True	False	False	False	False	False	False
579	5810.0	6736.0	False	False	False	False	False	True	False	True	False	False	False	True
580	8538.0	828.0	False	False	False	False	False	True	False	False	False	False	False	False
581	8589.0	13371.0	False	False	False	False	False	True	False	False	False	False	False	False
582	931.0	9944.0	False	False	False	False	False	True	False	False	False	False	False	False
583	10080.0	6467.0	False	False	True	True	False	True	False	False	False	False	False	True
584	13170.0	4240.0	False	True	False	False	False	True	False	False	True	False	False	False
585	12729.0	7308.0	False	False	False	False	False	True	True	False	False	False	True	False
586	9746.0	3396.0	False	False	False	False	False	False	False	False	False	False	False	False
587	12893.0	5651.0	False	True	False	False	False	True	False	False	False	False	False	False
588	12913.0	12913.0	False	True	False	False	False	True	False	False	False	False	False	False
589	7913.0	6187.0	False	False	True	False	False	True	False	False	False	False	False	False
590	4328.0	4993.0	False	False	False	False	False	True	False	False	False	False	False	False
591	7233.0	6294.0	False	False	False	False	False	True	False	False	False	False	False	False
592	8367.0	7608.0	False	False	False	False	False	False	False	False	False	False	False	False
593	2650.0	6843.0	False	False	True	False	False	True	False	True	False	False	False	True
594	13611.0	1749.0	False	False	True	False	False	True	False	False	False	False	False	False
595	2897.0	3699.0	False	False	False	False	False	True	False	False	False	False	False	False
596	3595.0	3640.0	False	False	False	False	False	True	False	True	False	False	False	True
597	4753.0	13399.0	False	False	False	False	False	False	False	False	False	False	False	False
598	2953.0	252.0	False	False	True	False	False	True	False	True	False	False	False	True
599	8191.0	2785.0	False	True	False	False	False	False	False	False	False	False	False	False
600	8138.0	8454.0	False	False	False	False	True	True	False	False	False	False	False	False
601	2002.0	2796.0	False	False	False	False	False	True	False	False	False	False	False	False
602	6900.0	13252.0	False	False	False	False	False	True	False	False	False	False	False	False
603	11427.0	7287.0	False	False	False	False	True	True	True	False	False	False	True	False
604	9998.0	8877.0	False	True	False	False	False	True	False	False	False	False	False	False
605	5330.0	2073.0	False	False	False	False	True	True	False	False	False	False	False	False
606	86.0	11552.0	False	False	True	False	False	False	False	False	False	False	False	False
607	12195.0	5013.0	False	False	False	False	False	True	False	False	False	False	False	False
608	6462.0	8394.0	False	False	False	False	False	True	False	False	False	False	False	False
609	1217.0	6995.0	False	False	False	False	False	True	False	False	False	False	False	False
610	3055.0	4979.0	False	False	False	False	False	True	False	False	False	False	False	False
611	10507.0	7206.0	False	False	False	False	False	True	True	False	False	False	True	False
612	4974.0	11021.0	False	False	False	False	False	True	False	False	False	False	False	False
613	9652.0	3098.0	False	False	False	False	False	True	False	False	False	False	False	False
614	1015.0	4325.0	False	False	False	False	False	False	False	False	False	False	False	False
615	3059.0	11947.0	False	False	False	False	False	True	False	False	False	False	False	False
616	11355.0	9694.0	False	False	False	False	False	False	False	False	False	False	False	False
617	1923.0	7671.0	False	False	False	False	False	True	True	False	False	False	True	False
618	11163.0	727.0	False	False	False	False	False	True	False	False	False	False	False	False
619	13101.0	10279.0	False	False	False	False	False	True	False	False	False	False	False	False
620	6777.0	9903.0	False	False	True	False	False	True	False	False	False	False	False	False
621	4387.0	3862.0	False	False	False	False	False	False	False	False	False	False	False	False
622	1564.0	483.0	False	False	False	False	False	False	False	False	False	False	False	False
623	1897.0	208.0	False	False	False	False	False	True	False	False	False	False	False	False
624	6180.0	7780.0	False	False	False	False	False	True	False	False	False	False	False	False
625	12699.0	3658.0	False	False	False	False	False	True	False	True	False	False	False	True
626	1364.0	13212.0	False	True	False	False	False	True	False	False	False	False	False	False
627	13101.0	2984.0	False	False	False	False	False	True	True	True	False	False	True	True
628	954.0	6499.0	False	True	False	False	False	False	False	False	False	False	False	False
629	7294.0	7059.0	False	False	False	False	False	True	False	True	False	False	False	True
630	1088.0	10387.0	False	False	False	False	False	True	False	False	False	False	False	False
631	1047.0	3651.0	False	False	True	False	False	True	False	False	False	False	False	False
632	10040.0	11978.0	False	False	False	False	False	True	False	False	False	False	False	False
633	12987.0	5093.0	False	False	False	False	False	True	False	False	False	False	False	False
634	7970.0	4258.0	False	False	True	False	False	True	False	False	False	False	False	False
635	7242.0	1067.0	False	False	True	False	False	True	False	False	False	False	False	False
636	8947.0	2107.0	False	False	False	False	False	True	False	False	False	False	False	False
637	13473.0	5823.0	False	False	True	True	False	False	False	False	False	False	False	False
638	2105.0	8308.0	False	False	False	False	False	False	False	False	False	False	False	False
639	2533.0	7577.0	False	False	False	False	False	False	False	False	False	False	False	False
640	10589.0	8562.0	False	True	False	False	False	True	False	False	False	False	False	False
641	13127.0	1389.0	False	False	False	False	True	True	False	False	False	False	False	False
642	9865.0	6693.0	False	False	False	False	False	True	False	False	False	False	False	False
643	10436.0	1729.0	False	False	False	False	False	True	False	False	False	False	False	False
644	3370.0	5394.0	False	False	False	True	False	False	False	False	False	False	False	False
645	10789.0	11576.0	False	False	False	False	False	True	False	False	False	False	False	False
646	12105.0	12112.0	False	False	False	False	False	True	False	False	False	False	False	False
647	10645.0	4695.0	False	False	False	False	False	False	False	False	False	False	False	False
648	8543.0	155.0	False	False	True	False	False	False	False	False	False	False	False	False
649	7623.0	3603.0	False	False	False	False	False	True	False	False	False	False	False	False
650	10447.0	11863.0	False	False	True	False	False	True	False	False	False	False	False	False
651	9666.0	5240.0	False	False	False	False	False	True	False	False	False	False	False	False
652	7493.0	10721.0	False	True	False	False	False	False	False	False	False	False	False	False
653	13101.0	12961.0	False	False	True	True	False	True	False	False	False	False	False	False
654	11358.0	13318.0	False	False	False	False	False	True	False	False	False	False	False	False
655	11620.0	2773.0	False	False	False	False	False	False	False	False	False	False	False	False
656	10453.0	8031.0	False	False	False	False	False	False	False	False	False	False	False	False
657	785.0	12278.0	False	False	False	False	False	True	False	False	False	False	False	False
658	8245.0	5617.0	False	False	False	False	False	False	False	False	False	False	False	False
659	8277.0	2955.0	False	False	False	False	False	True	False	False	False	False	False	False
660	1417.0	11082.0	False	False	True	False	False	True	False	False	False	False	False	False
661	12493.0	7011.0	False	False	False	False	False	True	False	False	False	False	False	False
662	6073.0	11153.0	False	False	False	False	False	True	False	True	False	False	False	True
663	5710.0	6290.0	False	False	False	False	False	True	False	False	False	False	False	False
664	9398.0	5675.0	False	False	False	False	False	True	False	False	False	False	False	False
665	2027.0	10838.0	False	False	False	False	False	True	False	False	False	False	False	False
666	2175.0	6865.0	False	False	False	False	False	True	False	False	False	False	False	False
667	10781.0	11330.0	False	False	False	True	False	False	False	False	False	False	False	False
668	1948.0	7695.0	False	False	False	False	False	False	False	False	False	False	False	False
669	12778.0	11795.0	False	False	False	False	False	True	False	True	False	False	False	True
670	2592.0	5246.0	False	False	False	False	False	True	True	True	False	False	True	True
671	13587.0	13371.0	False	False	False	False	False	True	True	False	False	False	True	False
672	9423.0	3237.0	False	False	False	False	False	False	False	False	False	False	False	False
673	9960.0	9245.0	False	False	False	False	False	True	False	False	False	False	False	False
674	7920.0	11416.0	False	False	True	False	False	False	False	False	False	False	False	False
675	7527.0	12400.0	False	False	False	False	False	True	False	False	False	False	False	False
676	13530.0	2466.0	False	False	False	False	False	True	False	False	False	False	False	False
677	6389.0	2793.0	False	False	False	False	False	True	False	False	False	False	False	False
678	9970.0	343.0	False	True	True	False	False	False	False	False	False	False	False	False
679	5273.0	8021.0	False	False	True	False	False	True	False	False	False	False	False	False
680	2050.0	1673.0	False	False	True	False	False	True	False	False	False	False	False	False
681	7310.0	12770.0	False	False	False	False	False	True	False	False	False	False	False	False
682	7467.0	5779.0	False	False	False	False	False	True	False	True	False	False	False	True
683	1482.0	6637.0	True	False	False	False	False	False	False	False	False	False	False	False
684	4493.0	5251.0	False	False	False	False	False	True	False	True	False	False	False	True
685	13170.0	9822.0	False	False	False	False	False	True	False	False	False	False	False	False
686	8530.0	10588.0	False	False	False	False	False	True	False	False	False	False	False	False
687	686.0	6434.0	False	True	False	False	False	True	False	False	False	False	False	False
688	492.0	3238.0	False	False	False	False	False	False	False	False	False	False	False	False
689	10316.0	9234.0	False	False	False	False	False	True	False	False	False	False	False	False
690	9627.0	2519.0	True	False	True	False	False	True	False	False	False	False	False	False
691	9071.0	11856.0	False	False	False	False	False	True	False	False	False	False	False	False
692	12903.0	11518.0	False	False	False	False	False	True	False	False	False	False	False	False
693	11404.0	3210.0	False	False	False	False	False	True	False	True	False	False	False	True
694	12951.0	12951.0	False	True	False	False	False	False	False	False	False	False	False	False
695	10639.0	4099.0	False	False	False	False	False	True	False	False	False	False	False	False
696	11036.0	357.0	True	True	False	False	False	True	False	False	False	False	False	False
697	5685.0	2814.0	False	False	False	False	False	True	False	False	False	False	False	False
698	4630.0	6217.0	False	False	False	False	False	True	False	False	False	False	False	False
699	9527.0	13587.0	False	False	False	False	False	True	False	True	False	False	False	True
700	9933.0	9446.0	False	False	False	False	False	True	True	True	False	False	True	True
701	12423.0	2960.0	False	False	False	False	False	True	False	False	False	False	False	False
702	4161.0	8526.0	False	False	False	False	False	True	False	False	False	False	False	False
703	12954.0	6528.0	False	False	False	False	False	True	False	False	False	False	False	False
704	11742.0	777.0	False	False	True	False	False	True	False	False	False	False	False	False
705	12623.0	2601.0	False	False	False	False	False	True	False	False	False	False	False	False
706	1958.0	5654.0	False	False	False	False	False	True	False	False	False	False	False	False
707	8503.0	12747.0	False	False	False	False	False	True	True	True	False	False	True	True
708	12144.0	11440.0	False	False	False	False	False	True	False	False	False	False	False	False
709	3875.0	12045.0	False	False	False	False	False	True	False	False	False	False	False	False
710	650.0	3854.0	False	False	False	False	False	False	False	False	False	False	False	False
711	3840.0	13493.0	False	False	True	True	True	True	False	False	False	False	False	False
712	7189.0	7544.0	False	False	False	False	False	True	False	False	False	False	False	False
713	12066.0	8841.0	False	False	False	False	False	True	False	False	False	False	False	False
714	7802.0	12367.0	False	False	False	False	False	True	False	False	False	False	False	False
715	11278.0	9214.0	False	False	False	False	False	True	False	True	False	False	False	True
716	7221.0	3480.0	False	True	True	True	False	False	False	False	False	True	False	True
717	5091.0	13596.0	False	False	False	False	False	True	False	False	False	False	False	False
718	12311.0	692.0	False	False	False	False	False	True	False	False	False	False	False	False
719	7171.0	7462.0	False	False	False	False	False	True	False	False	False	False	False	False
720	3455.0	13211.0	False	False	False	False	False	True	False	False	False	False	False	False
721	5204.0	10828.0	False	False	False	False	False	True	False	False	False	False	False	False
722	3368.0	6609.0	False	False	False	False	True	True	False	False	False	False	False	False
723	4200.0	11667.0	False	False	False	False	False	True	False	False	False	False	False	False
724	5169.0	12680.0	False	False	False	False	False	False	False	False	False	False	False	False
725	3047.0	10470.0	False	False	False	False	False	False	False	False	False	False	False	False
726	10101.0	10341.0	False	False	False	False	False	True	False	False	False	False	False	False
727	9773.0	1006.0	False	False	False	False	False	False	False	False	False	False	False	False
728	12875.0	13060.0	False	False	False	False	False	True	False	False	False	False	False	False
729	10263.0	9269.0	False	True	False	False	False	True	False	False	False	False	False	False
730	621.0	9058.0	False	True	True	False	False	True	False	False	False	False	False	False
731	5917.0	10184.0	False	False	False	False	False	True	False	False	False	False	False	False
732	9641.0	6919.0	False	True	False	False	False	False	False	False	False	False	False	False
733	9020.0	13179.0	False	False	False	False	False	True	False	False	False	False	False	False
734	2505.0	9050.0	False	False	False	False	False	True	False	False	False	False	False	False
735	2128.0	8597.0	False	False	False	False	False	True	False	False	False	False	False	False
736	2546.0	10619.0	False	False	False	False	False	True	False	True	False	False	False	True
737	7270.0	10379.0	False	False	False	False	False	True	False	False	False	False	False	False
738	6844.0	7785.0	False	False	True	False	False	True	False	False	False	False	False	False
739	2309.0	7687.0	False	False	False	False	False	True	False	False	False	False	False	False
740	10229.0	10876.0	False	False	False	False	False	True	False	False	False	False	False	False
741	13564.0	8536.0	False	False	False	False	False	True	False	False	False	False	False	False
742	4007.0	6720.0	False	False	False	False	False	True	False	False	False	False	False	False
743	6728.0	12709.0	False	False	False	False	False	True	False	True	False	False	False	True
744	11531.0	358.0	False	False	True	False	False	True	False	False	False	False	False	False
745	6310.0	10416.0	False	False	False	False	False	True	False	False	False	False	False	False
746	10242.0	1261.0	False	False	False	False	False	True	False	False	False	False	False	False
747	11134.0	12212.0	False	True	False	False	False	True	False	True	False	False	False	True
748	4187.0	9169.0	False	False	False	True	False	False	False	False	False	False	False	False
749	8935.0	12965.0	False	False	False	False	False	True	True	False	False	False	True	False
750	6126.0	10434.0	False	False	False	False	False	True	False	False	False	False	False	False
751	12542.0	390.0	False	True	False	False	False	True	False	False	False	False	False	False
752	4861.0	1579.0	True	False	True	False	False	False	False	False	False	False	False	False
753	13101.0	6189.0	False	False	False	False	False	True	False	False	False	False	False	False
754	1045.0	8864.0	False	False	False	False	False	True	False	False	False	False	False	False
755	607.0	9362.0	False	True	False	False	False	True	False	False	False	False	False	False
756	8134.0	253.0	False	True	False	False	False	True	False	False	False	False	False	False
757	6708.0	2166.0	False	False	False	False	False	True	False	False	False	False	False	False
758	479.0	5568.0	False	False	False	False	False	True	True	False	False	False	True	False
759	10395.0	10474.0	False	False	False	False	False	False	False	False	False	False	False	False
760	10432.0	771.0	False	False	False	True	False	True	False	False	False	False	False	False
761	7092.0	7847.0	False	False	False	False	False	True	False	False	False	False	False	False
762	2489.0	8926.0	False	False	False	False	False	False	False	False	False	False	False	False
763	10842.0	13391.0	False	False	True	False	False	True	False	False	False	False	False	False
764	3796.0	8372.0	False	False	False	False	False	False	False	False	False	False	False	False
765	11956.0	13463.0	False	False	False	False	False	True	False	False	False	False	False	False
766	4448.0	2978.0	False	False	False	False	False	True	False	False	False	False	False	False
767	147.0	5268.0	False	True	False	False	False	False	False	False	False	False	False	False
768	12618.0	8448.0	False	False	False	False	False	True	False	False	False	False	False	False
769	2692.0	13101.0	False	False	False	False	False	True	False	False	False	False	False	False
770	10175.0	1566.0	False	False	False	False	False	True	False	False	False	False	False	False
771	9906.0	13579.0	False	False	False	False	False	True	False	False	False	False	False	False
772	6055.0	13101.0	False	False	False	False	False	False	False	False	False	False	False	False
773	7840.0	7026.0	False	False	False	False	False	True	False	False	False	False	False	False
774	11872.0	10557.0	False	False	False	False	False	True	False	False	False	False	False	False
775	2102.0	12529.0	False	False	True	False	False	True	False	False	False	False	False	False
776	149.0	1946.0	False	True	False	False	False	True	False	False	False	False	False	False
777	2453.0	8310.0	False	False	False	False	False	True	False	False	False	False	False	False
778	5687.0	2356.0	False	False	False	False	False	True	False	False	False	False	False	False
779	6475.0	7938.0	False	False	True	True	False	True	False	False	False	False	False	False
780	10255.0	12718.0	False	False	True	False	False	True	False	True	False	False	False	True
781	9288.0	8124.0	False	False	True	True	False	True	False	False	False	False	False	True
782	10124.0	9152.0	False	False	False	False	False	True	False	False	False	False	False	False
783	5532.0	13493.0	False	False	False	False	False	False	False	False	False	False	False	False
784	2381.0	3179.0	False	False	False	False	False	True	False	False	False	False	False	False
785	1545.0	7965.0	False	False	False	False	False	True	False	False	False	False	False	False
786	708.0	4740.0	False	False	True	False	False	True	False	False	False	False	False	False
787	10098.0	12962.0	False	False	False	False	False	False	False	False	False	False	False	False
788	6221.0	6182.0	False	False	False	False	False	True	False	False	False	False	False	False
789	8463.0	7813.0	False	False	False	False	False	True	False	False	False	False	False	False
790	10896.0	8796.0	False	False	False	False	False	True	False	False	False	False	False	False
791	13242.0	9359.0	False	False	False	False	False	True	False	False	False	False	False	False
792	11099.0	12599.0	False	False	False	False	False	True	False	False	False	False	False	False
793	5505.0	8400.0	False	False	True	False	True	True	False	True	False	False	False	True
794	5034.0	12422.0	False	False	False	False	False	True	False	True	False	False	False	True
795	1383.0	12996.0	False	False	True	False	False	True	False	False	False	False	False	False
796	3745.0	12646.0	False	False	False	False	False	True	False	False	False	False	False	False
797	8649.0	13311.0	False	False	False	False	False	True	False	False	False	False	False	False
798	8061.0	11131.0	False	False	False	False	False	True	False	False	False	False	False	False
799	13105.0	1492.0	False	True	False	False	False	True	True	False	False	False	True	False
800	11932.0	4476.0	False	True	True	False	False	True	False	False	False	False	False	False
801	12698.0	13015.0	False	False	False	False	False	True	True	False	False	False	True	False
802	13277.0	9473.0	False	False	False	False	False	False	False	False	False	False	False	False
803	7730.0	9605.0	False	False	False	False	False	False	False	False	False	False	False	False
804	10732.0	4759.0	False	False	False	False	False	True	False	False	False	False	False	False
805	1522.0	801.0	False	False	True	False	False	True	False	False	False	False	False	False
806	6448.0	9238.0	False	False	False	False	False	True	False	False	False	False	False	False
807	7860.0	678.0	False	False	False	True	True	False	False	False	True	True	False	False
808	9606.0	10612.0	False	False	False	False	False	True	False	True	False	False	False	True
809	13171.0	13439.0	False	False	False	False	False	False	False	False	False	False	False	False
810	4909.0	427.0	False	False	False	False	False	True	False	True	False	False	False	True
811	2963.0	11584.0	False	False	False	False	False	True	False	True	False	False	False	True
812	3914.0	12572.0	False	False	False	False	False	True	False	False	False	False	False	False
813	5000.0	7625.0	False	False	False	False	False	False	False	False	False	False	False	False
814	4294.0	669.0	False	False	False	False	False	False	False	False	False	False	False	False
815	6347.0	1230.0	False	False	True	False	False	True	False	False	False	False	False	False
816	3167.0	1441.0	False	False	False	False	False	True	False	False	False	False	False	False
817	10699.0	13154.0	False	False	True	False	False	True	False	False	False	False	False	False
818	13587.0	1022.0	False	False	False	False	False	True	False	False	False	False	False	False
819	7256.0	4519.0	False	False	False	False	False	True	False	False	False	False	False	False
820	6893.0	879.0	False	False	False	False	False	False	False	False	False	False	False	False
821	13277.0	3713.0	False	True	False	False	False	True	False	False	False	False	False	False
822	5686.0	5977.0	False	True	False	False	False	False	False	False	False	False	False	True
823	2838.0	7510.0	False	False	False	False	False	True	False	False	False	False	False	False
824	6840.0	2582.0	True	True	False	False	False	True	False	True	False	False	False	True
825	6436.0	1984.0	False	False	True	False	False	True	False	False	False	False	False	False
826	9690.0	12274.0	False	False	False	False	False	True	False	False	False	False	False	False
827	13146.0	13450.0	False	False	False	False	False	True	False	False	False	False	False	False
828	1042.0	9295.0	False	False	False	False	False	True	False	False	False	False	False	False
829	3080.0	2567.0	False	False	True	False	False	True	False	False	False	False	False	False
830	10771.0	6822.0	False	False	True	False	True	True	False	False	False	False	False	False
831	11756.0	12921.0	False	False	False	False	False	False	False	False	False	False	False	False
832	1370.0	7053.0	False	False	False	False	False	True	False	False	False	False	False	False
833	3460.0	2492.0	False	False	True	False	False	False	False	False	False	False	False	False
834	11745.0	4987.0	False	False	False	False	False	False	False	False	False	False	False	False
835	6320.0	1103.0	False	True	False	False	False	True	False	False	False	False	False	False
836	4231.0	12410.0	False	False	False	False	False	False	False	False	False	False	False	False
837	12697.0	9101.0	False	False	False	False	False	True	False	False	False	False	False	False
838	4477.0	5446.0	False	False	False	False	True	True	False	False	False	False	False	False
839	4177.0	5020.0	False	False	False	False	False	True	False	False	False	False	False	False
840	12665.0	3797.0	False	False	False	False	False	True	False	True	False	False	False	True
841	7335.0	7491.0	False	False	False	False	False	True	False	False	False	False	False	False
842	6830.0	11055.0	False	False	False	False	False	True	False	False	False	False	False	False
843	356.0	10016.0	False	False	False	False	False	True	False	False	False	False	False	False
844	13593.0	4686.0	False	False	False	False	False	True	True	True	False	False	True	True
845	13361.0	10586.0	False	False	False	False	False	True	False	False	False	False	False	False
846	10066.0	13101.0	False	False	False	False	False	True	False	False	False	False	False	False
847	9285.0	2754.0	False	False	True	False	True	True	False	False	False	False	False	False
848	12106.0	10203.0	False	False	False	False	False	True	False	False	False	False	False	False
849	2467.0	7593.0	False	True	True	False	False	False	False	False	False	False	False	False
850	10960.0	13371.0	False	False	False	False	False	False	False	False	False	False	False	False
851	6097.0	13587.0	False	False	False	False	False	True	False	False	False	False	False	False
852	1682.0	5422.0	False	True	True	False	False	False	False	False	True	True	False	False
853	4104.0	4957.0	False	False	False	False	False	True	False	False	False	False	False	False
854	7987.0	7506.0	False	False	False	False	True	True	True	False	False	False	True	False
855	1192.0	4661.0	False	True	False	False	False	False	False	False	False	False	False	False
856	13441.0	7287.0	False	False	True	False	False	True	False	False	False	False	False	False
857	3153.0	8280.0	False	False	True	False	False	True	False	True	False	False	False	True
858	13193.0	7018.0	False	False	False	False	False	True	False	True	False	False	False	True
859	606.0	10068.0	False	False	False	False	False	True	False	True	False	False	False	True
860	4981.0	13493.0	False	False	False	False	False	True	False	False	False	False	False	False
861	1513.0	10848.0	False	False	False	False	False	True	False	False	False	False	False	False
862	240.0	10802.0	False	False	False	False	False	False	False	False	False	False	False	False
863	12702.0	1872.0	False	False	False	False	False	True	False	False	False	False	False	False
864	9557.0	8226.0	False	False	False	False	False	True	False	False	False	False	False	False
865	3038.0	4540.0	False	False	False	False	True	True	False	False	False	False	False	False
866	8205.0	4921.0	False	False	False	False	False	False	False	False	False	True	False	False
867	13587.0	10781.0	False	False	False	False	False	True	False	False	False	False	False	False
868	9329.0	4605.0	False	False	False	False	False	True	False	False	False	False	False	False
869	1724.0	5296.0	False	True	False	False	False	True	False	True	False	False	False	True
870	885.0	6700.0	False	False	False	False	False	True	False	False	False	False	False	False
871	12997.0	5783.0	False	False	False	False	False	True	False	False	False	False	False	False
872	7518.0	12991.0	False	False	False	False	False	True	False	False	False	False	False	False
873	9300.0	10781.0	False	False	False	False	False	True	False	False	False	False	False	True
874	11292.0	9653.0	False	False	False	False	False	True	False	False	False	False	False	False
875	9705.0	7181.0	False	False	False	False	False	True	False	False	False	False	False	False
876	10157.0	1738.0	False	False	False	False	False	True	False	False	False	False	False	False
877	4545.0	13482.0	False	False	False	True	False	True	False	False	False	False	False	False
878	5039.0	2620.0	False	False	False	False	False	False	False	False	False	False	False	False
879	13254.0	2225.0	False	False	False	False	False	True	False	False	False	False	False	False
880	9918.0	9506.0	False	False	False	False	False	True	False	False	False	False	False	False
881	9830.0	8292.0	False	False	False	False	False	True	False	False	False	False	False	False
882	2615.0	10007.0	False	False	False	False	False	True	False	False	False	False	False	False
883	531.0	8299.0	False	False	True	False	False	True	False	False	False	False	False	False
884	3845.0	9163.0	False	False	False	False	False	True	False	False	False	False	False	False
885	3071.0	4591.0	False	False	False	False	False	True	False	False	False	False	False	False
886	2413.0	6953.0	False	False	False	False	False	True	False	False	False	False	False	False
887	5442.0	4587.0	False	False	False	False	False	True	False	False	False	False	False	False
888	5410.0	3259.0	False	False	False	False	False	True	False	False	False	False	False	False
889	12526.0	3760.0	False	False	False	False	False	True	False	False	False	False	False	False
890	12668.0	4320.0	False	False	False	False	False	True	False	False	False	False	False	False
891	6737.0	12962.0	False	False	False	False	False	True	False	False	False	False	False	False
892	6149.0	13343.0	False	False	False	False	False	False	False	False	False	False	False	False
893	8648.0	10878.0	False	False	False	False	False	True	False	False	False	False	False	False
894	8171.0	11692.0	False	False	False	False	False	True	True	False	False	False	True	False
895	3006.0	9407.0	False	False	False	False	False	True	False	False	False	False	False	False
896	5468.0	13440.0	False	False	False	False	False	True	False	False	False	False	False	False
897	2892.0	3624.0	False	False	False	False	False	False	False	False	False	False	False	False
898	4148.0	781.0	False	False	True	False	False	False	False	False	False	False	False	False
899	1341.0	3335.0	False	False	False	False	True	True	False	False	False	False	False	False
900	10840.0	10193.0	False	False	True	True	False	True	False	False	False	False	False	True
901	11895.0	2157.0	False	False	False	False	False	True	False	False	False	False	False	False
902	13446.0	9528.0	False	False	False	False	False	True	False	False	False	False	False	False
903	12975.0	8311.0	False	False	False	False	False	True	False	False	False	False	False	False
904	13382.0	13392.0	False	False	False	False	False	True	False	False	False	False	False	False
905	12282.0	1539.0	False	False	True	True	False	False	False	False	False	False	False	False
906	3773.0	10460.0	False	False	False	False	False	True	False	False	False	False	False	False
907	13219.0	4760.0	False	False	False	False	False	True	False	False	False	False	False	False
908	14.0	12694.0	False	False	False	False	False	False	False	False	False	False	False	False
909	3586.0	1493.0	True	True	False	False	False	False	False	False	False	False	False	False
910	8718.0	2789.0	False	True	False	False	False	False	False	False	False	False	False	False
911	761.0	9635.0	False	False	False	False	False	True	False	False	False	False	False	False
